{
  "num_matched_images": 200,
  "match_mode": "basename",
  "sim3_alignment": {
    "scale": 9.889383484776141,
    "rotation_matrix": [
      [
        0.5951401946739417,
        -0.12802727578502468,
        0.793358157037872
      ],
      [
        0.05577388033329573,
        0.9914279954613048,
        0.11815161483512122
      ],
      [
        -0.8016841166918741,
        -0.026068112141940214,
        0.5971792281830685
      ]
    ],
    "translation": [
      -4.97809381304277,
      -1.1664956706355047,
      1.6699037904220462
    ]
  },
  "absolute_translation_error": {
    "mean": 0.0239068746724553,
    "median": 0.021434868943091996,
    "rmse": 0.026788359159840097,
    "max": 0.07423973542666412
  },
  "absolute_rotation_error_deg": {
    "mean": 0.7157723724703123,
    "median": 0.7239295746514006,
    "rmse": 0.7214581658303398,
    "max": 0.957672134914671
  },
  "relative_translation_error": {
    "mean": 0.01098938378082831,
    "median": 0.009781638620720427,
    "rmse": 0.012285070498562452,
    "max": 0.03675674536965608
  },
  "relative_rotation_error_deg": {
    "mean": 0.08842448146955606,
    "median": 0.07715753764669317,
    "rmse": 0.09812921415607095,
    "max": 0.22533553268297507
  }
}
