{
  "model_dir": "/root/autodl-fs/da3-giant",
  "num_images": 10,
  "image_paths": [
    "/root/autodl-tmp/AIAA3201_3DGS_Project/third_party/RegGS/sample_data/000c3ab189999a83/images/00000.png",
    "/root/autodl-tmp/AIAA3201_3DGS_Project/third_party/RegGS/sample_data/000c3ab189999a83/images/00001.png",
    "/root/autodl-tmp/AIAA3201_3DGS_Project/third_party/RegGS/sample_data/000c3ab189999a83/images/00002.png",
    "/root/autodl-tmp/AIAA3201_3DGS_Project/third_party/RegGS/sample_data/000c3ab189999a83/images/00003.png",
    "/root/autodl-tmp/AIAA3201_3DGS_Project/third_party/RegGS/sample_data/000c3ab189999a83/images/00004.png",
    "/root/autodl-tmp/AIAA3201_3DGS_Project/third_party/RegGS/sample_data/000c3ab189999a83/images/00005.png",
    "/root/autodl-tmp/AIAA3201_3DGS_Project/third_party/RegGS/sample_data/000c3ab189999a83/images/00006.png",
    "/root/autodl-tmp/AIAA3201_3DGS_Project/third_party/RegGS/sample_data/000c3ab189999a83/images/00007.png",
    "/root/autodl-tmp/AIAA3201_3DGS_Project/third_party/RegGS/sample_data/000c3ab189999a83/images/00008.png",
    "/root/autodl-tmp/AIAA3201_3DGS_Project/third_party/RegGS/sample_data/000c3ab189999a83/images/00009.png"
  ],
  "image_size": [
    256,
    256
  ],
  "intrinsics": [
    [
      219.46206665039062,
      0.0,
      128.0
    ],
    [
      0.0,
      219.5156707763672,
      128.0
    ],
    [
      0.0,
      0.0,
      1.0
    ]
  ],
  "process_res": 504,
  "process_res_method": "upper_bound_resize",
  "use_ray_pose": false,
  "ref_view_strategy": "saddle_balanced",
  "align_to_input_ext_scale": true,
  "export_dir": "/root/autodl-tmp/AIAA3201_3DGS_Project/Part2_Scripts/da3_out/re10k",
  "export_format": "gs_ply",
  "is_metric": {},
  "scale_factor": null,
  "rel_c2w_consecutive": [
    {
      "from_index": 0,
      "to_index": 1,
      "matrix": [
        [
          0.9999982118606567,
          0.0012081379536539316,
          0.0014803962549194694,
          0.0004850246477872133
        ],
        [
          -0.0012112436816096306,
          0.9999971389770508,
          0.002098830882459879,
          -0.0021470151841640472
        ],
        [
          -0.0014778570039197803,
          -0.0021006206516176462,
          0.9999966621398926,
          0.026096981018781662
        ],
        [
          0.0,
          0.0,
          0.0,
          1.0
        ]
      ]
    },
    {
      "from_index": 1,
      "to_index": 2,
      "matrix": [
        [
          1.0,
          2.812764257620337e-11,
          -1.409571626087569e-10,
          0.0
        ],
        [
          -8.658677941308923e-12,
          1.0,
          -3.198220854816469e-11,
          0.0
        ],
        [
          -4.0879410967420426e-11,
          -5.66677538227367e-11,
          1.0,
          0.0
        ],
        [
          0.0,
          0.0,
          0.0,
          1.0
        ]
      ]
    },
    {
      "from_index": 2,
      "to_index": 3,
      "matrix": [
        [
          0.9999988079071045,
          -0.00024048947670962662,
          0.0015012745279818773,
          -0.00013054166629444808
        ],
        [
          0.00023966173466760665,
          0.9999998211860657,
          0.0005515018128789961,
          -0.002677872544154525
        ],
        [
          -0.0015014067757874727,
          -0.0005511414492502809,
          0.9999986886978149,
          0.010469428263604641
        ],
        [
          0.0,
          0.0,
          0.0,
          1.0
        ]
      ]
    },
    {
      "from_index": 3,
      "to_index": 4,
      "matrix": [
        [
          0.9999948740005493,
          -0.0007738600834272802,
          0.00312681938521564,
          0.000429759529652074
        ],
        [
          0.0007798841688781977,
          0.9999978542327881,
          -0.00192581198643893,
          0.002869962714612484
        ],
        [
          -0.0031253225170075893,
          0.0019282406428828835,
          0.9999932646751404,
          0.01231240201741457
        ],
        [
          0.0,
          0.0,
          0.0,
          1.0
        ]
      ]
    },
    {
      "from_index": 4,
      "to_index": 5,
      "matrix": [
        [
          1.0,
          3.05019967616893e-11,
          5.36693051111925e-11,
          5.820766091346741e-11
        ],
        [
          3.005054538540719e-11,
          1.0,
          -2.7803495616929297e-11,
          0.0
        ],
        [
          1.1081291440007135e-10,
          -2.8647417771310302e-11,
          1.0,
          0.0
        ],
        [
          0.0,
          0.0,
          0.0,
          1.0
        ]
      ]
    },
    {
      "from_index": 5,
      "to_index": 6,
      "matrix": [
        [
          0.999998152256012,
          -0.0003862002049572766,
          0.0018627478275448084,
          0.00010604446288198233
        ],
        [
          0.0003869950014632195,
          0.9999998211860657,
          -0.0004263007140252739,
          0.00033061462454497814
        ],
        [
          -0.0018625829834491014,
          0.00042702117934823036,
          0.9999982118606567,
          0.00792605895549059
        ],
        [
          0.0,
          0.0,
          0.0,
          1.0
        ]
      ]
    },
    {
      "from_index": 6,
      "to_index": 7,
      "matrix": [
        [
          0.9999906420707703,
          -0.0008811301086097956,
          0.004249351564794779,
          1.746276393532753e-05
        ],
        [
          0.0008826032862998545,
          0.9999995231628418,
          -0.0003448411589488387,
          7.91996717453003e-06
        ],
        [
          -0.004249044228345156,
          0.00034858850995078683,
          0.9999909400939941,
          0.019497733563184738
        ],
        [
          0.0,
          0.0,
          0.0,
          1.0
        ]
      ]
    },
    {
      "from_index": 7,
      "to_index": 8,
      "matrix": [
        [
          1.0,
          -5.042535139443416e-11,
          -2.803290932718028e-10,
          0.0
        ],
        [
          -4.5783640767460554e-11,
          1.0,
          1.795122106518221e-10,
          -2.3283064365386963e-10
        ],
        [
          -2.803707266352262e-10,
          1.7950180231096624e-10,
          1.0,
          0.0
        ],
        [
          0.0,
          0.0,
          0.0,
          1.0
        ]
      ]
    },
    {
      "from_index": 8,
      "to_index": 9,
      "matrix": [
        [
          0.9999939203262329,
          -0.000766257056966424,
          0.0034075819421559572,
          0.001104426453821361
        ],
        [
          0.0007680048001930118,
          0.9999995231628418,
          -0.0005116014508530498,
          0.00040621799416840076
        ],
        [
          -0.003407189389690757,
          0.000514215265866369,
          0.9999940395355225,
          0.019001945853233337
        ],
        [
          0.0,
          0.0,
          0.0,
          1.0
        ]
      ]
    }
  ],
  "depth_stats": {
    "shape": [
      10,
      504,
      504
    ],
    "min": 0.5038384199142456,
    "max": 1.4277582168579102,
    "mean": 0.9195476770401001
  },
  "gaussians": {
    "means": {
      "shape": [
        1,
        2540160,
        3
      ],
      "min": -235.09710693359375,
      "max": 262.46075439453125,
      "mean": 2.690880537033081
    },
    "scales": {
      "shape": [
        1,
        2540160,
        3
      ],
      "min": 4.614997717311553e-09,
      "max": 6.30468225479126,
      "mean": 0.06746675819158554
    },
    "opacities": {
      "shape": [
        1,
        2540160
      ],
      "min": 6.44406767946748e-08,
      "max": 1.0,
      "mean": 0.026135388761758804
    },
    "harmonics": {
      "shape": [
        1,
        2540160,
        3,
        9
      ],
      "min": -2.1441891193389893,
      "max": 2.9695076942443848,
      "mean": 0.061415817588567734
    },